vorname,nachname
Essie,McDaniel
Juan,Massey
Elijah,Haynes
May,Graham
Lizzie,Nunez
Laura,Vega
Hulda,Byrd
Ora,Floyd
Mathilda,Zimmerman
Tyler,Simmons
Daisy,Henderson
Ronald,Duncan
Norman,White
Randall,Campbell
Elsie,Norman
Isaiah,Little
Cory,Meyer
Dorothy,James
Elijah,Stewart
Catherine,Hernandez
Virginia,Todd
Bessie,Poole
Ronnie,Moss
Sara,Warren
Logan,Welch
Harvey,Glover
Lilly,Walters
Grace,Montgomery
Cory,Curtis
Alta,Page
Lee,Daniels
Adeline,Quinn
Millie,Sandoval
Gussie,Williamson
Lee,Palmer
Esther,Gill
Andre,Sanders
Adelaide,Dixon
Inez,Griffin
Bryan,Barnett
Charles,Warner
Eddie,Crawford
Myrtle,Alvarez
Christian,Santos
Jordan,Salazar
Tillie,Cobb
Aaron,Edwards
Eddie,Collins
Bessie,Daniel
Travis,Barrett
Jane,Newton
Steve,Holmes
Ella,Simmons
Rosa,Gregory
Harry,Bowman
Nelle,Luna
Janie,Garza
Helena,Bennett
Blake,Zimmerman
Johnny,Tucker
Bradley,Hayes
Ryan,Vargas
Celia,Dean
Helena,Howell
Peter,Lamb
Addie,Hayes
Eugene,Paul
Dylan,Summers
Minnie,Goodman
Roy,Wade
Estelle,Bailey
Marian,Keller
Emily,Lewis
Thomas,Page
Shawn,Huff
Jose,White
Paul,Simmons
Earl,Valdez
Susie,Nichols
Bertie,Logan
Lloyd,Myers
Lawrence,Parks
Ricardo,Hopkins
Mable,Bush
Adeline,Steele
Max,Williams
Sara,Perry
Dollie,Peters
Nina,Harper
Lena,Barber
Garrett,Curtis
Millie,Hawkins
Sophie,Lawson
Zachary,Palmer
Juan,Cross
Edith,Parks
Alma,Jones
Mayme,Cross
Troy,Tucker
Frank,Powers
Dollie,Valdez
Noah,Brady
Sarah,Byrd
Fannie,Richardson
Margaret,Ellis
Robert,Davidson
Cordelia,Rowe
Irene,Sanchez
Lucas,Barber
Jesse,George
Dora,West
Rosie,Jenkins
Willie,Cummings
Allen,Rowe
Miguel,Neal
Josephine,May
Derrick,Dennis
Addie,Dawson
Eula,Rios
Johanna,Black
Jeff,Boyd
Leonard,Aguilar
Alan,Brock
Jay,Zimmerman
Charlotte,Boyd
Birdie,McCormick
Ophelia,Cruz
Alvin,Lyons
Melvin,Ingram
Hannah,Carlson
Dean,Garner
Mike,Frazier
Mable,Gill
Gary,Barnett
Ethan,Adams
Hulda,Joseph
Matthew,Clark
Jane,Cross
Mabelle,Carr
Chester,Marshall
Douglas,Wells
Jack,Holland
Daniel,Vega
Chad,White
Ralph,Daniel
Hilda,Schwartz
Gertrude,Martinez
Augusta,West
Sean,Andrews
Jeff,Potter
Vincent,Vaughn
Shawn,Rose
Steve,Cole
Ann,Doyle
Henry,Hogan
Hattie,Ortiz
Harry,French
Mitchell,Blake
Randall,Brady
Pauline,Jacobs
Gene,Bowman
Mayme,Franklin
Harriett,Clarke
Bessie,Lawrence
Nettie,McDaniel
Cory,Hayes
Sallie,Mills
Nancy,Patton
Estelle,Townsend
Erik,Fitzgerald
Kyle,Hayes
Lulu,Hopkins
Mabel,Fletcher
Brett,Torres
Flora,Haynes
Elijah,Kelley
Jose,Dunn
Mabel,Miller
Marion,Webb
Brett,Montgomery
Kate,Norris
Delia,Powell
May,Goodman
Gertrude,Meyer
Nancy,McKinney
Victor,Massey
Randall,Little
Lottie,Sandoval
Terry,Ortega
Willie,Howell
Hulda,Nunez
Emilie,Holt
Winnie,Jackson
Brent,Cooper
Harvey,Vaughn
Jeremy,Rodgers
Emily,Gray
Cynthia,Hopkins
Patrick,Marshall
Catherine,Peters
Max,Warren
Matilda,Tyler
Gertrude,Christensen
Stephen,Cunningham
Scott,Sharp
Lina,Peterson
Irene,Figueroa
Lewis,Byrd
Rhoda,Young
Angel,Montgomery
Francis,West
Cody,Porter
Gordon,Hines
Lucile,Goodwin
Austin,Adkins
Cecilia,Cortez
Rebecca,Carr
Isabel,Jimenez
Jerome,Neal
Ann,Weber
Lucy,Manning
Marion,Pittman
Sarah,Carr
Matthew,Bradley
Billy,Wolfe
Christopher,Phillips
Myrtie,Walters
Gregory,McGuire
Tom,Warner
Daniel,Carlson
Jean,Richardson
Daniel,Bowers
Carrie,Silva
Maud,Reese
Gilbert,Kim
Bessie,Watts
Leah,Hubbard
Terry,Owens
Kyle,Berry
Alma,Lee
Marion,Roy
Ruby,Hardy
Bertha,Buchanan
Elsie,Johnson
Cameron,Saunders
Marie,Park
Bill,Jimenez
Daisy,Wolfe
Cole,Curry
Derek,Briggs
Leila,Page
Bess,McLaughlin
Amelia,Gill
Katharine,Greer
David,Pearson
Hallie,Aguilar
Christian,Price
Adelaide,Bailey
Ivan,Barrett
Dennis,Tate
Winifred,Gregory
Shane,Daniels
Tom,Sparks
Hulda,Gibbs
Nina,Steele
Ruth,Rose
Linnie,Hall
Bettie,Freeman
Jackson,Ruiz
Cecilia,Fisher
Eugenia,Thomas
Leona,Morrison
Addie,Moody
Elsie,Gray
Harold,Wilkins
Miguel,Clark
Betty,Thompson
Bobby,Ortega
Landon,Rios
Olivia,Barton
Nettie,Walsh
Lee,Torres
Rebecca,Carpenter
Victor,Simpson
Lizzie,Hubbard
Louisa,Warner
Flora,Steele
Verna,Maldonado
Eleanor,Burke
Adele,Gross
Nina,Garrett
Chad,Parks
Lily,Henderson
Mitchell,Mills
Johnny,Gregory
Amelia,Perez
Addie,Wilson
Ethel,Caldwell
Chad,Bennett
Jerome,Waters
Earl,Murphy
Bertha,Campbell
Dominic,Byrd
Hannah,Burgess
Elsie,West
Carolyn,Jacobs
Gavin,Bishop
Lilly,Reese
Mina,Price
Ann,Park
Christine,Kelley
Aiden,Morris
Corey,Price
Dean,Reeves
Francis,Briggs
Luis,Ruiz
Bettie,Reed
Elijah,Herrera
Robert,Bailey
Robert,Long
Danny,Warner
Beulah,Chambers
Alberta,Glover
Susan,Elliott
Ola,Austin
Landon,Gray
Nina,Ruiz
Keith,Roberson
Stephen,Porter
Nathan,Fox
Aiden,Floyd
Jeremy,Carter
Lewis,Higgins
Carrie,Becker
Jean,Norman
Estella,Quinn
Harold,Morrison
Andrew,Arnold
Lloyd,Phelps
Ollie,Cortez
Lettie,Foster
Minerva,Jenkins
Elizabeth,Day
Julian,Guerrero
Sylvia,Joseph
Fannie,Ortiz
Kenneth,Waters
Don,Knight
Harriet,Neal
Erik,Walters
Chad,Washington
Nicholas,French
Eugene,Cruz
Roger,Tucker
Douglas,Alvarado
Ray,Myers
Curtis,Harmon
John,Lambert
Carolyn,Marshall
Leon,Keller
Philip,Tate
Millie,Perkins
Luella,Hubbard
Todd,Willis
Jeremy,Simpson
Nancy,Clarke
Carrie,Tyler
Harry,Oliver
Cynthia,Ferguson
Max,Santiago
Lydia,Malone
Mason,Boyd
Seth,Boyd
Thomas,McBride
Olga,Kim
Emma,Houston
Bill,Houston
Ollie,Gibbs
Logan,Cole
Elva,Reeves
Mayme,Clarke
Christine,Greene
Rosalie,Morton
Blake,Bates
Clara,Stevenson
Teresa,Turner
Winifred,Chambers
Edward,Townsend
Isabel,Nash
Jorge,Garner
Dean,Cole
Randy,White
Matthew,Perez
Lora,Carlson
Nicholas,Henry
Eddie,Bass
Elmer,Mullins
Teresa,Ruiz
Minerva,Cross
Milton,Griffith
Jeffrey,Wong
Paul,Norton
Elijah,Burgess
Kyle,Green
Herman,Moreno
Essie,Hodges
Fanny,Anderson
Luis,Fisher
Isaac,Summers
Lula,Richardson
Eric,Bowman
Russell,Garner
Brian,Rice
Eugenia,Daniels
Essie,Hunter
Peter,Walker
Adeline,Lynch
Nettie,Parsons
Nelle,Curtis
Lucas,Hughes
Dominic,Logan
Floyd,Hale
Jane,Roberson
Maria,Manning
Patrick,Brewer
Steven,Roy
Josie,George
Ina,Ingram
James,Sherman
Clarence,Walters
Sam,Grant
Agnes,Clarke
Joel,Gutierrez
Virgie,Moss
Timothy,Stanley
Samuel,Vaughn
Joel,Perkins
Rosie,Bell
Roxie,Hunt
Josephine,Long
Charlotte,Casey
Nelle,Mendez
Tom,Pearson
Joe,Reese
Ralph,Munoz
Isaiah,Lyons
Micheal,Nash
Lula,Parsons
Marvin,Horton
Viola,Rodgers
Jack,Caldwell
Benjamin,Ford
Edgar,Buchanan
Margaret,Pena
Edna,Ferguson
Adrian,Warner
Ida,Flores
Cora,Cunningham
Devin,Hughes
Herbert,Weber
Sara,Parker
Louisa,Clayton
Bernard,Welch
Johnny,Maldonado
Hattie,Duncan
Craig,Stokes
Belle,Goodwin
Helen,Frazier
Agnes,Casey
Joe,Anderson
Cordelia,Carr
Willie,Jennings
Terry,Garcia
Vera,Ross
Michael,Cunningham
Florence,Lopez
Jose,Harris
Troy,Bennett
Mable,Moore
Phoebe,Ortiz
Leon,Reid
Luis,Cobb
Lizzie,Carter
Josephine,Klein
Lula,Hayes
Mario,Bell
Luis,Franklin
Mae,Stevens
Steven,Rivera
Adrian,Long
Rosie,Blake
Warren,Willis
Verna,Haynes
Addie,Blair
Jorge,Andrews
Lee,Reid
Bruce,Walker
Evan,Carroll
Rosa,Floyd
Ann,Sparks
Cordelia,Pierce
Michael,Morales
Mabel,Herrera
Eliza,May
Ora,Logan
Travis,Chandler
Celia,Wallace
Lora,Dean
Walter,Hardy
Jay,Crawford
Ruby,Larson
Birdie,Valdez
Cora,Chavez
Josie,Burgess
Chris,Goodman
Darrell,Chapman
Beulah,Porter
Ernest,Miles
Melvin,Davis
Rebecca,Collier
Jeffrey,Yates
Edna,Watts
Christina,Gutierrez
Roy,Clayton
Dollie,Pearson
Eula,Padilla
Brett,Cook
Beulah,Hart
Georgie,Townsend
Beatrice,Hamilton
Anthony,Bates
Mayme,Caldwell
Willie,Farmer
Owen,Fletcher
Ricky,Smith
Lena,Briggs
Lois,Mason
Carl,George
Seth,Salazar
Adelaide,Becker
Jesse,Andrews
Verna,Coleman
Alta,McKenzie
Rose,Gomez
Theresa,Manning
Fannie,Owens
Dean,Schneider
Marcus,Roberts
Willie,Owens
Christine,Todd
Jon,Walsh
Hester,Russell
Allen,Garcia
Mike,Garrett
Viola,Clayton
Jimmy,Higgins
Irene,Bates
Franklin,Rhodes
Katherine,Cortez
Olga,Buchanan
Gabriel,May
Helen,Stevens
Alice,Lane
Wesley,Saunders
Alice,Bowen
Theresa,Bowers
Jean,Nguyen
Jeffrey,Luna
Rosa,Williams
Sam,White
Mario,Shelton
Samuel,Castro
Herman,Dennis
Harriet,Evans
Walter,Joseph
Cory,Douglas
Phillip,Moore
Dean,Adams
Tillie,Pittman
Milton,Cunningham
Lora,Foster
Andrew,Houston
Phillip,Taylor
Danny,Bowman
Hettie,Jennings
Larry,Simon
Rosie,Fitzgerald
Bess,Boyd
Norman,Gray
Brett,Wilson
Callie,Houston
Lee,Moran
Stanley,Santos
Aiden,Hughes
Augusta,Bowen
Myrtie,Herrera
Chase,Jacobs
Lydia,Figueroa
Nora,Pierce
Shawn,McGuire
Clara,McLaughlin
Marion,Payne
Vera,Phelps
Hattie,Porter
Jerome,Klein
Bertie,Barber
Elsie,McCarthy
Logan,Glover
Clayton,Norris
Jane,Tyler
Lucile,Garner
Evelyn,Stokes
Brett,Hall
Philip,Santos
Mitchell,Gilbert
Clara,Huff
Cecelia,Allen
Alberta,Quinn
Connor,Powell
Mamie,Nichols
Hallie,Stewart
Bertha,Holland
Dollie,Pittman
Lora,Gibson
Michael,Edwards
Frederick,Miller
Etta,Freeman
Brett,Bell
Rhoda,Howell
Tillie,Montgomery
Beulah,Shaw
Fred,Parks
Phoebe,Robbins
Hilda,Elliott
Brent,Scott
Caleb,Burton
Adelaide,Duncan
Devin,Maxwell
Viola,Hicks
Ray,Kelly
Clyde,Warren
Ricky,Nunez
Nina,Watson
Amelia,Black
Harriett,Holloway
Mitchell,Ross
Dora,Reid
Lillie,Poole
Clyde,Watkins
Elva,Black
Elnora,Burke
Victoria,Cooper
Violet,Blake
Blake,Harmon
Isabelle,Evans
Ruby,Flores
Lloyd,Patterson
Violet,Craig
Keith,Gibson
Katharine,Santiago
Eva,Munoz
Erik,Guerrero
Pearl,Ross
Frank,Stanley
Sally,Byrd
Frederick,Rodriguez
Virginia,Norton
Dylan,Coleman
Ian,Howell
Ian,Campbell
Tillie,Thornton
Carrie,Frazier
Matthew,Boone
Gilbert,Parsons
Patrick,Black
Jay,Johnson
Cora,Reese
Lucile,Holt
Amy,Dixon
Erik,Curry
Jon,Austin
Bruce,McKinney
Derek,Ferguson
Derrick,Garza
Lucy,Fisher
Douglas,Massey
Jerome,Neal
Leah,Copeland
Jeffrey,Watkins
Laura,Perry
Elijah,Hicks
Mitchell,Nunez
Nina,Townsend
Katherine,Vaughn
Jeffrey,Fuller
Janie,Nelson
Ethel,Castro
Trevor,Black
Gilbert,Moss
Myrtle,Schultz
Delia,White
Leonard,Rhodes
Hester,Ford
Manuel,Patrick
Edwin,McKenzie
Mildred,Bowen
Richard,Cobb
Benjamin,Burton
Dennis,Floyd
Lou,Colon
Lela,McCormick
Bernice,Ward
Marian,Watkins
Isaiah,Austin
Hulda,Jacobs
Larry,Burke
Anthony,McBride
Mildred,Montgomery
Beatrice,Hale
Scott,Martinez
Victor,Perkins
Ola,Huff
Marc,Bryan
Lilly,Caldwell
Alma,McCormick
Margaret,Harrison
Allie,Hamilton
Nancy,Mathis
Joel,Conner
Earl,Harvey
Mae,Dean
Verna,Malone
Verna,Lane
Nellie,Roberts
Nathan,Casey
Martha,Gregory
Cody,Ruiz
Jennie,Tyler
Tony,Barker
Leila,Castro
May,Dennis
Esther,Griffith
Henrietta,Sherman
Charlie,Stokes
Callie,Roy
Ian,Ramsey
Seth,Vasquez
Ophelia,Jones
Mitchell,Crawford
Lela,Houston
Clayton,Gonzalez
Thomas,Schmidt
Elizabeth,Blake
Edna,Rowe
James,Klein
Jeff,Maldonado
Marion,Franklin
Harvey,Frank
Francisco,Mason
Bettie,Wong
May,Oliver
Elmer,Wade
Roy,Terry
Kate,Cruz
Isaiah,McCarthy
Bernice,Sandoval
Amy,Carlson
Leah,Banks
Sylvia,Lee
Bill,Beck
Blanche,Hudson
Linnie,Torres
Edwin,Curtis
Ricardo,Moran
Marvin,Copeland
Frances,Tucker
Irene,Duncan
Ollie,Baldwin
Jesus,Daniels
Devin,Richardson
Ophelia,Castillo
Lulu,Collins
Angel,Leonard
Mae,Carpenter
Ronald,Brady
Bernice,Ramos
Joel,Greene
Mina,Nunez
Stanley,Sanders
Isabel,Holloway
Mary,Kim
Susie,Quinn
Juan,Norton
Andre,Horton
Christina,Quinn
Jason,Stone
Nettie,Jacobs
Lily,Holt
Nicholas,Morton
Hettie,Robbins
Isabella,Moody
Joshua,Shelton
Gilbert,Stanley
Bernard,Reese
Alejandro,Tyler
Stephen,Jennings
Eric,Buchanan
Bertie,Hicks
Philip,Francis
Laura,Maldonado
Harvey,Lane
Isaac,Wagner
Ola,Barrett
Genevieve,McKinney
Robert,Wise
Adrian,Castro
Estelle,Curry
Allie,Holloway
Michael,Russell
Gerald,Shelton
Samuel,Rodriquez
Bessie,Logan
Derrick,Fleming
Sadie,Day
Mittie,Bishop
Brent,Burgess
Willie,Holmes
Lloyd,Fleming
Francis,Perry
Victor,Wood
Gary,McDaniel
Gertrude,Cook
Alice,Hines
Leo,Hampton
Clayton,Hunt
Charlie,Hart
Fannie,Reynolds
May,Matthews
Scott,Stewart
Norman,Hardy
Dale,Frank
Essie,Harrington
Mittie,Harrison
Lina,Watts
Lucy,Diaz
Lina,James
Minerva,Townsend
Larry,Cook
Theodore,Tate
Leo,Vaughn
Alvin,Hawkins
Sue,Bowen
Ella,Collier
Maggie,Caldwell
William,McDonald
Roger,Martin
Chase,Montgomery
Benjamin,Floyd
Phoebe,Cross
Anne,Moreno
Gabriel,Taylor
Shane,Carson
Pauline,Stevenson
Eliza,Ramsey
Corey,Lawson
Ora,Morgan
Mollie,Boone
Harold,King
Lottie,Clayton
Rebecca,Williamson
Terry,Pearson
Lydia,Wilkins
Nelle,Maxwell
Sean,Goodwin
Austin,Diaz
Marguerite,May
Jack,Myers
Kevin,Rowe
Derek,Ramos
Lucile,Owens
Edward,Barrett
Agnes,Carr
Essie,Peters
Francis,Rodriguez
George,Ramos
Barry,Patton
Roxie,Hart
Cora,Woods
Virgie,Lawrence
Adrian,Hansen
Victor,Guzman
Floyd,White
Tommy,Payne
Catherine,Burke
Lenora,Zimmerman
Lydia,Wade
Cora,Castillo
Helen,Holland
Brent,Osborne
Stephen,Newman
Bettie,Summers
Clarence,Matthews
Hallie,Tucker
Vincent,Singleton
Lizzie,Dawson
Clarence,Hill
Bryan,Stevenson
Cory,Warner
Aaron,McLaughlin
Gavin,Hamilton
Chester,Harper
Milton,Hansen
Charlie,Gross
Pauline,Davis
Robert,Patton
Erik,Burgess
Ricky,Foster
Bernice,Thornton
Myrtle,Bowen
Carrie,Vega
Beulah,Patterson
Cynthia,Richards
Mittie,Rodriguez
Isaiah,Rice
Roger,Perkins
Lawrence,Leonard
Victor,Ruiz
Clifford,Wolfe
Martha,Cruz
Mabelle,Myers
Mabelle,Robertson
Abbie,Christensen
Gavin,Murray
Ernest,McBride
Rebecca,Brooks
Betty,Bowers
Shane,Gonzalez
Luis,Sanchez
Connor,Wright
Nellie,Payne
Anne,Lucas
Cynthia,Dixon
Bessie,Jennings
Marcus,Carlson
Ann,Carpenter
Mable,Schwartz
Jay,Jefferson
Iva,Fernandez
Albert,Gardner
Catherine,Cannon
Ella,Curtis
Ina,Black
Janie,Chapman
Blake,Joseph
Marie,Howell
Laura,Mendoza
Ronald,Sharp
Dora,Wheeler
Dennis,Sparks
Rena,Maldonado
Maurice,Garcia
Adele,Owens
Sue,Barrett
Carolyn,Thomas
Barry,Mack
Jeffery,Bryan
Henrietta,Hubbard
Belle,Cox
Sadie,Stanley
Leah,Griffin
Jane,Bush
Mittie,Pope
Wayne,Hawkins
Glenn,Floyd
Ida,Moreno
Johnny,Stanley
Louise,Chavez
Nancy,Rodriguez
Hulda,Harrison
Violet,Williams
Howard,Clayton
Carlos,Valdez
Mario,Harrison
Ina,Holt
Lucinda,Lloyd
Alex,Ellis
Eunice,Sullivan
Frederick,Hines
Donald,Simon
Stella,Cook
Lester,Bowers
Lola,Boyd
Frederick,Massey
Winnie,Bishop
Lilly,Swanson
Noah,Chambers
Isaiah,Bowers
Alex,Hardy
Bettie,Stokes
Barry,Figueroa
Marvin,Medina
Lulu,Bowers
Jimmy,Austin
Jayden,Gonzalez
Lettie,Hunter
Essie,Flores
Isabel,Carroll
Cole,Mullins
Lina,Herrera
Sadie,Strickland
Ethan,Goodman
Mabelle,Wood
Ellen,Grant
Nelle,Marshall
Gregory,Mendoza
Mario,McKenzie
Shawn,Goodman
Stephen,Perkins
Genevieve,Fuller
Ruth,Morton
Joe,Ross
Albert,McLaughlin
Viola,Rodgers
Adrian,Bishop
Francis,Snyder
Lizzie,Griffith
Rosalie,Warren
Ricky,Bridges
Bessie,Fleming
Dale,Patton
Daniel,Thornton
Wesley,Guzman
Richard,Hicks
Leon,Soto
Edwin,Clayton
Francis,Little
Marguerite,Martinez
Carl,Crawford
Curtis,Smith
Christina,Castro
Charlotte,Rios
Katharine,Perez
Austin,Thompson
Jeff,McLaughlin
Jean,McCormick
Allen,Stephens
Jean,Hoffman
Carrie,Mack
Ralph,Holloway
Barry,Fox
Iva,Russell
Eugene,Robbins
Jeanette,Nguyen
Johanna,Morrison
Ernest,Bell
Arthur,Gross
Sarah,Floyd
Mable,Perkins
Claudia,Robertson
Maude,Jackson
Kenneth,Saunders
Sadie,Hopkins
Eva,Tate
Adeline,Joseph
Sarah,Welch
Keith,Houston
Inez,Holt
Cora,Lyons
Clara,Mullins
Ricardo,Atkins
Theodore,Wright
Glenn,French
Lily,Hansen
Mildred,Medina
Gertrude,Moran
Micheal,Ellis
Dominic,Stephens
Theodore,Daniels
Justin,Barker
Henry,Goodman
Samuel,Cruz
Alan,Vega
Sophia,McGuire
Claudia,Nash
Jane,McGee
Rosetta,Bowers
Zachary,Lindsey
Francisco,Barker
Winifred,Phillips
Amelia,Hicks
Herman,Reynolds
Wesley,Fisher
Cornelia,Mullins
Dollie,Roberts
Maude,Salazar
Christina,Smith
Dora,Clarke
Bettie,Potter
Scott,Parsons
Lelia,Poole
Benjamin,Campbell
Bruce,Hart
Jose,Cobb
Cole,Schultz
Ronald,Salazar
Nathaniel,Little
Phoebe,Kennedy
Gavin,Alexander
Myra,Morgan
Etta,Silva
Roy,Miles
Isabella,Cummings
Lucas,Sandoval
Gene,Steele
David,Hernandez
Ellen,Dean
Martha,Carroll
Brian,Cannon
Alvin,Weaver
Martin,Price
Arthur,Obrien
Laura,Ray
Luella,Anderson
Sallie,Schneider
Josie,Gonzales
Shane,Townsend
Matilda,Castillo
Raymond,Campbell
Willie,Fernandez
Alex,Chambers
Stella,Mitchell
Trevor,Griffith
Jackson,Rivera
Garrett,Holt
Fanny,Adkins
Donald,Washington
Tyler,McKinney
Walter,Green
Ian,Gibbs
Eugene,Torres
Isabelle,Armstrong
Lottie,Kim
Allie,Sherman
Seth,Webb
Blake,McKinney
Marie,Johnson
Ronald,Holloway
Lloyd,Lee
Della,McCoy
Todd,Cruz
Hulda,Sandoval
Lucas,Waters
Shane,Henderson
Bessie,Joseph
Louisa,Fitzgerald
Brent,Blake
Juan,Spencer
Kathryn,Guzman
Dorothy,Lynch
Evelyn,Leonard
Lucile,Pittman
Birdie,Farmer
Francis,Carter
Jessie,Mason
Anne,Bell
Glen,Ball
Adam,Keller
Gabriel,Park
Violet,Perez
Theodore,Wilson
Georgia,Wilson
Nathan,Thompson
Emilie,Vega
Emilie,Morales
Mamie,Burgess
Vera,Bowen
Lou,Pratt
Walter,Robinson
Darrell,Sullivan
Emily,Sanchez
Cody,Holt
Amelia,Turner
Alma,Bowen
Ryan,Francis
Johnny,Goodwin
Irene,Carlson
Dustin,Little
Troy,Woods
Janie,Hogan
Lela,Gregory
Floyd,McCarthy
Leila,Mills
Jeff,Ford
Phillip,Atkins
Lida,Simon
Bradley,Dawson
Brett,Flowers
Myra,McCoy
Susie,Wagner
Terry,Fitzgerald
Bradley,Knight
Lena,Garner
Lola,Gomez
Dennis,Garner
Willie,Tate
Gussie,Payne
Don,Lamb
Lucas,Lucas
Mary,Hampton
Nettie,Parsons
Raymond,Taylor
Julia,Logan
Derrick,Bryan
Eric,Potter
Alfred,Powers
Cynthia,Hampton
Cole,Dixon
Rena,Kelly
James,Frank
Rena,Paul
Jeffery,Torres
Laura,Meyer
Celia,Colon
Sara,McDonald
Effie,Lopez
Adelaide,Elliott
Eva,Hernandez
Katherine,Ryan
Mike,Harper
Daniel,White
Rhoda,Mendoza
Erik,Dixon
Gene,Graham
Martin,Pearson
Sadie,Nash
Lenora,Arnold
Sue,Lawson
Stanley,Hopkins
Grace,Long
Matthew,Davis
Sara,Keller
Marie,Pope
Mae,Nash
Thomas,Adams
Iva,Allison
Douglas,Thornton
Harry,Stokes
Irene,Peterson
Birdie,Murray
Lewis,Manning
Randall,Medina
Jean,Cole
Stephen,Padilla
Cecilia,Shelton
Blake,Simpson
Roy,Phelps
Frank,Kim
Trevor,Hines
Theresa,Hale
Oscar,Singleton
Lucas,Hudson
Luke,Howell
Alice,Nichols
Eva,Medina
Stella,Moreno
Clara,Flowers
Etta,Joseph
Kathryn,Perez
Jose,Bates
Jon,Meyer
Effie,Wood
Joshua,Warren
Juan,Edwards
Dorothy,Wallace
Leila,Pearson
Michael,Banks
Walter,Graves
Madge,Stone
Dollie,Ryan
Juan,Atkins
Minnie,Murphy
Ronnie,Mason
Mina,Copeland
Tommy,Collier
Amelia,Boone
Herman,Gross
Jay,Wagner
Marian,Martin
Eugenia,Barnes
Eva,Newman
Peter,Salazar
Helena,White
Franklin,Gregory
Hattie,Roberts
Phoebe,Moreno
Mina,Hoffman
Lucy,Bridges
Kyle,Murray
Francisco,Ryan
Johanna,Lawrence
Rosetta,Chambers
Maude,Marshall
Marian,Fowler
Alejandro,Allen
Charles,Moore
Virgie,Dean
Frederick,Weber
Jack,Rogers
Kevin,Austin
Lucille,Rodriquez
Herbert,Pearson
Eliza,Powers
Verna,Johnson
Lela,Howard
Nathan,Holloway
Victor,Stevenson
Larry,Brooks
Peter,Rice
Michael,Dunn
Ian,Tucker
Laura,Horton
Winnie,Nichols
Louisa,Dunn
George,Austin
Beatrice,Sanders
Alberta,Sharp
Alvin,Howard
Travis,Day
Alma,Medina
Virgie,Powers
Irene,Rodriquez
Timothy,Russell
Aiden,Jones
Addie,Goodman
Lucinda,Parker
Chad,Farmer
Bernard,Arnold
Marguerite,Wheeler
Callie,Bailey
Leon,Horton
Phillip,Freeman
Bryan,Walton
Rodney,Gomez
Augusta,Greer
Lawrence,Moody
Chad,Burgess
Sean,Castillo
Sophia,Swanson
Zachary,Hale
Linnie,Patton
Sophia,Gibbs
Edward,Dean
Cynthia,Ferguson
Adrian,Wood
Millie,Quinn
Della,Roy
Evelyn,Buchanan
Barbara,Cunningham
Jeremy,Padilla
Steven,Lamb
Lola,Freeman
Adelaide,McCarthy
Mina,Davidson
Sophie,Garrett
Polly,Hamilton
Ida,Curtis
Philip,Blair
Eunice,James
Blake,Bryant
Bettie,Lawrence
Myra,Frazier
Frank,Keller
Bill,Norton
Augusta,Blake
Sam,McCoy
Tommy,Ramirez
Christina,Sharp
Christina,Abbott
Gordon,Mathis
Isabel,Wong
Connor,Shelton
Leila,Berry
Jesse,Hall
Nicholas,Harper
Lida,Daniels
Jeremiah,Parks
Henrietta,Lowe
Jim,Gutierrez
Nellie,Oliver
Clyde,Todd
Ivan,Gutierrez
Elsie,Chavez
Susie,Paul
Susan,Vargas
Leo,Sherman
Jeff,Ball
Dale,Lamb
Theresa,Neal
Herbert,Hicks
Leo,Fleming
Warren,Miles
Johnny,Fisher
Ophelia,Mathis
Christina,Warner
Leah,Ballard
Alberta,Patterson
Ella,Hawkins
Daisy,Morton
Dollie,West
Jordan,Hubbard
Nathaniel,Davis
Elsie,Jefferson
Marvin,Rhodes
Dora,Watts
Robert,Green
Jeffrey,Bates
Alice,Fox
Eliza,Blake
Nora,Lloyd
Isabella,Graves
Ray,Cunningham
Kyle,Newman
Bernard,Olson
Leah,Pierce
Jane,Webster
Alta,Campbell
Leon,Perkins
Mina,Hansen
Anne,Parker
Lelia,Adkins
Theodore,Hardy
Violet,Estrada
Bertha,Hale
Cody,Townsend
Scott,Payne
Barry,Harvey
Herbert,Stevenson
Marion,Lindsey
Louis,Copeland
Helena,Rivera
Erik,Cooper
Stella,Cummings
Dora,Ross
Phoebe,Rodgers
Adele,Bowman
Ricky,Palmer
Cole,Patton
Curtis,Parker
Alfred,Rios
Ray,Flowers
Elsie,Munoz
Scott,Diaz
Carolyn,Ward
Eliza,Hawkins
Olive,Figueroa
Justin,Jackson
Jeff,Gutierrez
Paul,Cox
Derek,Munoz
Ann,Sharp
Tillie,Crawford
Chester,Murphy
Harry,Ellis
Jeanette,Patton
Ray,Buchanan
Essie,Aguilar
Todd,Terry
Jose,Knight
Verna,Rodriquez
Mamie,Banks
Lida,Harrison
Ralph,Barker
Sue,Lopez
Alberta,Peters
Lucinda,Norman
Lucy,Schneider
Josephine,Zimmerman
Lucy,Silva
Iva,Hernandez
Eugenia,Leonard
Bessie,Henderson
Theresa,Hudson
Mildred,Myers
Rodney,Strickland
Brett,Webb
Gregory,Miller
Bernard,Perkins
May,Mason
Vera,Ball
Cody,Garner
Adele,Jensen
Cecilia,Duncan
Hulda,Stevenson
Charlie,Williams
Ida,Jefferson
Hester,Pena
Beulah,Cummings
Ivan,Marsh
Katherine,Knight
Antonio,Park
Jeanette,McCarthy
Henrietta,Ford
Melvin,Henderson
Travis,Reynolds
James,Reese
Devin,Hanson
David,McCormick
Teresa,Stevens
Essie,Walker
Estelle,Larson
Kevin,Miles
Johanna,Hamilton
Harvey,Newman
Milton,Barnes
Lena,Mills
Craig,Morgan
Angel,Atkins
Anne,Dennis
Manuel,Reed
Jeremiah,Gibson
Chester,Obrien
Kyle,Mathis
Matilda,Stewart
Francisco,Porter
Lucinda,Harrington
Jerry,Patton
Mina,Hanson
Adeline,Simon
Eunice,Powers
Isaiah,Ortega
Jerome,Hill
Sarah,Gray
Clara,Barker
Christian,Andrews
Angel,McBride
Jordan,Barrett
Edgar,Ramirez
Lucinda,Brown
Philip,Frazier
Gordon,Pope
Francis,Delgado
Jessie,Daniels
Fanny,Lane
Jacob,Lynch
Gregory,Parker
Mildred,Casey
Callie,Copeland
Kevin,Jackson
Mary,Maxwell
Danny,Nelson
Elizabeth,Dennis
George,Quinn
Jackson,Barnes
Charlotte,Garrett
Theresa,Summers
Lucinda,Wheeler
Mina,Love
Noah,King
Billy,Hicks
Joel,Baker
Amy,Norton
Jason,Patton
Hulda,Richardson
Angel,Gardner
Edgar,Sandoval
Ella,Willis
Don,Blair
Henry,Hampton
Jack,Blake
Jon,Leonard
Terry,Mason
Theodore,Davis
Mildred,Little
Gilbert,Stewart
Lucinda,McKenzie
Jack,Hall
Gertrude,Joseph
Duane,Quinn
Maria,Cain
Howard,Sanders
Hallie,Tyler
Abbie,Hicks
Marguerite,Hughes
Matilda,Medina
Jeanette,Jordan
Don,Frazier
Eleanor,Huff
Tommy,Vasquez
Chad,Morales
Nannie,Lane
Mattie,Frank
Chad,Alvarado
Flora,Brooks
Blake,Carter
Brett,Quinn
Jim,Oliver
Leon,Caldwell
Darrell,Hill
Cameron,Klein
Virgie,Frazier
Eugenia,Harrison
Dustin,Mann
Ruth,Bowen
Eva,Knight
Eleanor,Howard
Kenneth,Brooks
Christian,Garner
Eugenia,Higgins
Jeremiah,Reese
Francisco,Newton
Mayme,Banks
Anthony,Robinson
Bess,Rice
Dora,Fernandez
Mathilda,Flowers
Sophia,Tyler
Rodney,Hughes
Adam,Chandler
Sam,Pittman
Susie,Stone
Carolyn,Abbott
Nora,Leonard
Gerald,Robinson
Logan,Strickland
Steven,Hardy
Isabella,Joseph
Ray,Keller
Mable,Hanson
Louise,Collins
Daisy,Francis
Charlotte,Olson
Ricardo,Nash
Julian,Alvarado
Clifford,Meyer
Isabelle,Tucker
Leo,Harrison
Ralph,Perez
Tony,Drake
Cora,Chavez
Albert,Brewer
Sophia,Andrews
Wesley,Malone
Kathryn,Brewer
Billy,Hall
Augusta,Wheeler
Leonard,Horton
Alfred,Franklin
Ella,Manning
Lela,Smith
Rosie,Mendez
Marc,Butler
Gene,Graves
Hannah,Harrington
Theresa,Strickland
Micheal,Chambers
Beatrice,Garcia
Nathan,Valdez
Essie,Ramos
Leon,Marsh
Luke,Parks
Aiden,Hunter
Roxie,Barber
Joe,Martin
Steven,Flowers
Bessie,Cole
Carrie,Bowers
Herman,Hoffman
Nancy,Leonard
Grace,Rios
Mae,Pope
Leona,Austin
Shane,Holland
Owen,Garner
Norman,Marsh
Claudia,Robertson
Francis,Garza
Evelyn,Lyons
Lillian,Carlson
Edith,Maldonado
Jackson,Copeland
Shane,Rice
Chris,Cohen
Estelle,Gross
Mabelle,Soto
Robert,Richards
Logan,Cross
Cynthia,Santos
Lester,West
Millie,Paul
Eleanor,Tate
Josie,McCoy
Cecilia,Hunter
Maria,Thompson
Leon,Wagner
Cordelia,Powers
Willie,Pena
Frank,Lee
Brandon,Wilson
Larry,Mendoza
Gerald,Wilkerson
Bruce,Sims
Virginia,Moran
Sean,Joseph
Johnny,Warner
Wayne,Hudson
Glenn,Burgess
Harold,Johnson
Dean,McCormick
Glen,Carson
Christian,Santos
Garrett,Rogers
Myrtle,Oliver
Bertie,Rose
Julian,Gross
Esther,Dean
Nicholas,Norman
Jonathan,Tucker
Ethan,Roberson
Carl,Lawrence
Julian,Sims
Don,Powell
Keith,Hardy
Johnny,Hill
Harry,Shelton
Catherine,Reese
Gary,Peters
Zachary,Rodgers
Marcus,Drake
William,Schwartz
Effie,Evans
Earl,Hansen
Alex,Walsh
Esther,Love
Russell,Ramsey
Bill,Horton
Clyde,Kelley
Jeremy,Leonard
Eliza,Jackson
Ellen,Flores
Brett,Adkins
Amy,Ward
Leo,Atkins
Lida,Douglas
Pearl,Vega
Mike,Joseph
Louis,Rice
Evan,Smith
Ivan,Larson
Vera,McKinney
Mitchell,Newton
Aiden,Hunter
Edgar,Vasquez
Luis,Johnson
Alexander,McDaniel
Floyd,Davidson
Ian,Watkins
Mina,Cain
Theodore,Mitchell
Hannah,Floyd
Ray,Herrera
Jeffery,Adkins
Lois,Ford
Adam,Richards
Danny,Reid
Mae,Sullivan
Esther,Goodwin
Jeremy,Maxwell
Jerome,Webb
Genevieve,Simpson
Charlotte,Moran
Franklin,McDonald
Ida,Lowe
Leah,Pearson
Darrell,Matthews
Esther,Burns
Dennis,Hampton
Lula,King
Jacob,Olson
Wesley,Leonard
Isaiah,Kennedy
Eva,Gordon
Roy,West
Mayme,Caldwell
Corey,Luna
Erik,Sanders
Jimmy,Lewis
Amanda,Allen
Hilda,Armstrong
Dominic,Wilkins
Agnes,Houston
Emma,Hernandez
Polly,Logan
Iva,Hampton
Logan,Ross
Sylvia,Allen
Albert,Mack
Winnie,Colon
Kate,Marshall
Laura,Collier
Joe,Stevens
Harold,Patton
Johanna,Byrd
Kathryn,Cortez
Ray,Bailey
Douglas,Fernandez
Ryan,Floyd
Cody,Jackson
Angel,Holland
Antonio,Gross
Leo,Wilkins
Howard,Hamilton
Gilbert,Gray
Julian,Reid
Mitchell,Gray
Mamie,Marsh
Sara,Huff
Hattie,Harmon
Mable,Chambers
Leonard,Dean
Victoria,Stevenson
Sue,Sparks
Elnora,Foster
Ethel,Pearson
Sylvia,Fleming
Hester,Watts
Abbie,Townsend
Essie,Jordan
Celia,Day
Rachel,Jacobs
Alta,Ortega
Leon,Silva
Ada,Farmer
Bessie,Hansen
Jerome,McDonald
Fanny,Rivera
Dustin,Reyes
Earl,Wright
Carlos,Riley
Phoebe,Murray
Lena,Phelps
Sophie,Cortez
Bernard,Tucker
Jayden,Palmer
Hunter,Jones
Maria,Miller
Roger,Fernandez
Nicholas,Pittman
Arthur,Ramsey
Loretta,Lindsey
Cory,Garza
Lula,Gregory
Carlos,Mullins
May,Reyes
Craig,Abbott
Wesley,Bennett
Maria,Bowers
Jackson,Stephens
Millie,Bowers
Steven,Holmes
Ora,Bradley
Jay,Fields
Connor,Wheeler
Milton,Johnston
Virginia,Diaz
Olivia,Clayton
Eric,Hawkins
Lee,Ortega
Jacob,Adkins
Lucas,Wright
Herman,Poole
Hester,Newton
David,Jennings
Frederick,Cunningham
Rebecca,Grant
Jerome,Barrett
Walter,Hunt
Irene,Burton
Carolyn,Turner
Eugene,Moran
Effie,Long
Katie,Fisher
Jose,Kennedy
Harold,Stewart
Eva,Ball
Mable,Holland
Kathryn,Graham
Hannah,Scott
Julian,Summers
Keith,Crawford
Jose,Bates
Ray,Ray
Mabel,Hall
Ella,Graham
Billy,Peters
Carolyn,Simon
Jonathan,Hunt
Phillip,Johnston
Bess,Craig
William,Jordan
Paul,Burgess
Myra,Chapman
Amanda,Vasquez
Ola,Carlson
Carrie,Hunter
Jeff,Campbell
Seth,Webster
Juan,Fernandez
Maud,Scott
Mabel,Haynes
Christopher,Guzman
Myrtie,Francis
Alvin,Sherman
Oscar,Casey
Celia,Mullins
Billy,Daniels
Clayton,Kelley
Essie,Vasquez
Fred,Walker
Vernon,Shaw
Jorge,Holland
Bertie,Ferguson
Lela,Hopkins
Minerva,Tate
Cornelia,Peterson
Sylvia,Atkins
Donald,Warren
Jackson,Greer
Lola,Singleton
Bessie,Nichols
Miguel,Nunez
Julia,Yates
Nelle,McKenzie
Edith,Newton
Isaac,Willis
Lizzie,Morales
Callie,Barton
Lettie,Wise
Lillie,Gutierrez
Eugenia,Dean
Stephen,Brewer
Francis,Robbins
Arthur,Lowe
Mabel,Rivera
Jose,Dennis
Lucille,Hampton
Lina,Henderson
Gordon,Copeland
Adeline,Maxwell
Philip,Arnold
Martin,Sharp
William,Ramos
Jordan,Hunt
Lloyd,Reid
Dustin,Hogan
Douglas,Craig
Birdie,Patton
Mollie,Vasquez
Don,Morales
Isaac,Reyes
Milton,Perry
Ellen,Perez
Eddie,Pittman
Clifford,Phillips
Bess,Cox
Owen,Vargas
Alejandro,Morton
Rachel,Warren
Nell,Walsh
Olivia,McDaniel
Mayme,Mendez
Roxie,Burgess
Viola,Stokes
Shane,Alvarez
Lester,Blake
Lizzie,Sparks
Carl,Moran
Donald,Leonard
Barry,Swanson
Manuel,Shelton
Keith,Jenkins
Stanley,Ortega
Anne,Patrick
Connor,Schultz
Lora,Hayes
Cecilia,Quinn
Nicholas,Santos
Jesse,Gardner
Jared,Watts
Sally,Santos
Catherine,Bush
Louis,Graves
Eva,Wagner
Lura,Stewart
Mario,Parsons
Mamie,Schmidt
Benjamin,Parsons
Steven,Moran
Susie,Nguyen
Micheal,Dennis
Paul,Stevenson
Evelyn,Cross
Micheal,Cain
Loretta,Wilkins
Julian,Fields
Fred,Padilla
Maggie,Swanson
Arthur,Moody
Herbert,Barber
Janie,Cunningham
Mildred,Jenkins
Estella,Edwards
Vincent,Lawson
Henrietta,Fitzgerald
Ian,Schmidt
Lucille,Erickson
Rosetta,Frazier
Roy,Stevens
Emilie,Watts
Lydia,Grant
Sean,Green
Ralph,Goodman
Philip,Ball
Darrell,Malone
Lenora,Cook
Andre,Webster
Terry,Barber
Andre,Norris
Phillip,Nguyen
Martha,Bell
Katharine,Rodriquez
Dustin,Coleman
Celia,Christensen
Cornelia,Pope
Phillip,Graham
Fred,Ray
Claudia,Kim
Hilda,Henderson
Lily,Horton
Johanna,Carson
Lola,McKinney
Martha,Maxwell
Derrick,Lopez
Nellie,Rose
Corey,Conner
Etta,Lindsey
Wesley,Townsend
Connor,Turner
Roger,Wright
Eva,Dean
Tyler,Bowman
Lina,Newton
Anthony,Williams
Wayne,White
Tom,Greer
Beulah,Little
Sadie,Porter
Owen,Berry
Duane,Brady
Dean,Francis
Douglas,Peterson
Theresa,Howell
Ricky,Lowe
Warren,Barton
Rosa,Clayton
Hester,Parker
Ruby,Bridges
Ina,Harrison
Mason,Morris
Agnes,Torres
Claudia,Ward
Ophelia,Stephens
Mario,Stone
Lucas,Rhodes
Alexander,Kelley
Philip,Fuller
Danny,George
Emily,Ruiz
Mabelle,Griffin
Paul,Perkins
Lucy,Price
Rosalie,Lowe
Minerva,Estrada
Martin,Figueroa
Ruth,Phelps
Gerald,Estrada
Leonard,Houston
Cordelia,Ferguson
Alan,Keller
Lou,Malone
Keith,Sutton
Mark,Bridges
Della,Cortez
Florence,Rodgers
Marguerite,Mullins
Stephen,Greer
Curtis,Watson
Gerald,Joseph
Roger,McCormick
Bertie,Copeland
Julian,Santos
Matilda,Bryan
Stephen,McKinney
Leroy,Quinn
Bertie,Tate
Randy,Stokes
Herman,Doyle
Jimmy,Palmer
Helen,Rice
Nina,McCoy
Lawrence,Ramos
Herbert,Morgan
Gordon,Graves
Lulu,Martin
Delia,Mann
Elsie,Montgomery
Samuel,Bridges
Edward,Robertson
Nellie,Gray
Clara,Hall
Loretta,Farmer
Calvin,Carroll
Jay,Lloyd
Cora,Reeves
Ralph,Nguyen
Abbie,Cain
Danny,Gibson
Peter,Barton
Rosetta,Rose
Josephine,Snyder
Alta,Garrett
Ruby,Wade
Hester,Rose
Stella,Sherman
Lettie,Sutton
Louisa,Blake
Rose,Thomas
Mildred,Shaw
Cecilia,Lopez
Lydia,Reese
Ina,Watts
Glenn,Wilson
Seth,Hampton
Lucinda,Knight
Francisco,Flores
Jeremy,Garrett
Katherine,Coleman
Trevor,Wise
Austin,Pena
Estella,Torres
Douglas,Craig
Connor,Glover
Norman,Evans
Milton,Paul
Travis,Blair
Jim,Valdez
Winifred,Park
Owen,Boone
Sue,Vargas
Walter,Douglas
Chase,Cain
Jessie,Shelton
Hallie,Griffith
Mary,Baldwin
Donald,Gomez
Loretta,Sandoval
Hattie,Wade
Dustin,McDonald
Brian,Wright
Elsie,Barnett
Duane,Carlson
Mike,Hubbard
Ricky,Wise
Bryan,Gardner
Dennis,Ortega
Francis,Hudson
Nettie,Murphy
Louisa,Fletcher
Annie,Montgomery
Carl,Singleton
Carolyn,Edwards
Lucinda,Hawkins
Derrick,Paul
Florence,Howell
Leila,Brewer
Michael,Robinson
Erik,Haynes
Randy,Stanley
Winifred,Pittman
Mitchell,Reyes
Justin,Chambers
Jayden,Simmons
Mary,Holt
Milton,Cannon
Etta,Neal
Jon,Barker
Dollie,Snyder
Cecelia,Owens
Madge,Lawson
Mathilda,Fisher
Rebecca,Moreno
Nelle,Norris
Nellie,Adams
Ronald,Holloway
Bernard,Howell
Eugenia,Klein
Cordelia,Dawson
Phillip,Campbell
Lois,Sullivan
Minerva,Huff
Matthew,Ford
Don,Castillo
Miguel,Gutierrez
Susan,Flores
Leo,Davidson
Fred,Holland
Amy,Walker
Brent,Powell
Effie,Lowe
Ola,Allison
Cole,Santos
Amelia,Harrison
Dylan,Cannon
Oscar,Morton
Blake,Weaver
Lizzie,McDaniel
Jim,Shaw
Richard,Phillips
Ernest,Hughes
Laura,Alvarez
Edith,Jordan
Janie,Day
Jesus,Castro
Jonathan,Holloway
Sarah,Rodgers
Frances,Vargas
Terry,Copeland
Nathaniel,Barber
Charles,Robbins
Katherine,Klein
Edwin,Stephens
Landon,Webb
Dominic,Fox
Bruce,Francis
Kenneth,Phelps
Johanna,Frank
Ian,Stone
Rhoda,Terry
Winnie,Lawson
Elsie,Riley
Floyd,Burgess
David,Garrett
Miguel,Keller
Arthur,Vega
Chris,Cain
Ronnie,Rios
Francis,Collier
Steve,Fleming
Catherine,Wade
Theodore,Powers
Eric,Mendez
Hannah,Ball
Duane,Miller
Marion,Lambert
Iva,Barrett
Joel,Erickson
Ray,Wilson
Timothy,Blake
Derek,Barber
Herbert,Grant
Louis,Marshall
Georgia,Hanson
Alejandro,Alvarez
Harry,Becker
Caleb,Lindsey
Bryan,Delgado
Belle,Douglas
Douglas,Pope
Polly,Pierce
Sally,Hodges
Ruth,Duncan
Lillian,Obrien
Sylvia,McKinney
Stephen,Lynch
Dollie,Hunt
Darrell,Wilson
Harriet,Quinn
Stephen,Cruz
Howard,Wilson
Lida,Walsh
Gussie,Harris
Sadie,Sutton
Mamie,Garcia
Floyd,Gomez
Lela,Marsh
Estella,Weaver
Evelyn,Lee
Sara,Stephens
Albert,Harrington
Leroy,Dunn
Chase,Simmons
Lee,Robinson
Bertie,Carlson
Harry,Hanson
Daisy,Lambert
Logan,Soto
Earl,Cross
Blake,Ryan
Vincent,Gardner
Paul,Barnett
Sallie,Casey
Billy,Robertson
Teresa,Silva
Cora,Elliott
Sue,Stevens
Jared,Carlson
Mattie,Norris
Marcus,Morales
Cody,Cain
Landon,Bush
Georgia,Townsend
Kenneth,Guerrero
Pauline,Myers
Alex,Graham
Beatrice,Rowe
Della,Pope
Pauline,Osborne
Mabel,Vaughn
Bess,Carr
Helena,Hunter
Stephen,Spencer
Caroline,Kelly
Timothy,Tyler
Alfred,Hubbard
Hilda,Paul
Sara,Griffin
Bertie,Wilkins
Ina,Rios
Nellie,Mitchell
Verna,Gregory
Steve,Doyle
Emilie,Hubbard
Lloyd,Harris
David,Little
Bess,Rhodes
Dean,Ray
Ellen,Silva
Warren,Torres
Trevor,Jordan
Willie,Roberson
Loretta,Alvarez
Gregory,Flores
Lola,Lawrence
Rosa,Rodgers
Joe,Moss
Lulu,Owens
Richard,Lawrence
Clifford,Blair
Don,Jensen
Ethel,Osborne
Jon,Hunt
Beulah,Nichols
Phoebe,Fields
Jared,Powers
Robert,Clark
Laura,Dixon
Alberta,Watson
Josephine,Poole
Mitchell,Sims
Ricardo,Sandoval
Derek,Burke
Rosie,Rogers
Randy,Washington
Maurice,Price
Mina,Cortez
Devin,Thompson
Roy,Ramsey
Emma,Robbins
Justin,Washington
Tony,Wright
Francis,Webb
Marguerite,Newman
Gregory,Powell
Noah,Bennett
Adeline,Howell
Alberta,Castro
Olive,Thompson
Ralph,Bradley
Katherine,Murphy
Russell,Roy
Gavin,Byrd
Mabel,Reid
Brandon,Estrada
Keith,Robbins
Larry,Ferguson
Alberta,Riley
Gilbert,Johnson
Chris,Walker
Ella,Jenkins
Andrew,Atkins
Susan,George
Cornelia,Hansen
Ina,Meyer
Craig,Barrett
Thomas,Hodges
Joel,Drake
Jacob,Wagner
Cornelia,Moran
Clyde,Daniels
William,Briggs
Nathaniel,Evans
Frederick,Shelton
Eunice,Grant
Nannie,Wagner
Eva,Craig
Bruce,Maxwell
Alejandro,Garrett
Thomas,Leonard
Logan,Mills
Jessie,Alexander
Myrtle,Ortega
Louisa,Lyons
Willie,Hansen
Rosalie,Peterson
Susan,Pearson
Vera,McKenzie
Wayne,Hubbard
Jeffrey,Singleton
Brian,Robertson
Charles,Washington
Eunice,Norris
Leona,Lloyd
Minerva,Quinn
Ina,Riley
Jason,Payne
Clayton,Estrada
Kenneth,King
Leona,Jensen
Lillie,Robbins
Lilly,Luna
Callie,Flowers
Eddie,Lambert
Lydia,Ramos
Miguel,Kim
Richard,Paul
Madge,Flores
Frances,Massey
Tyler,Underwood
Travis,Martin
Pearl,Maxwell
Essie,Jenkins
Myrtie,Brewer
Jeff,Obrien
Alvin,Bush
Bernard,Hale
Warren,Nunez
Jesus,Owen
Estella,Buchanan
Patrick,Hall
Amelia,Gray
Louisa,Becker
Rodney,Ross
Sean,Alvarez
Jayden,Conner
Harry,Ball
Bradley,Jensen
Marvin,Reed
Rodney,Floyd
Aiden,Burke
Edwin,Fuller
Phillip,Chavez
Eula,Peterson
Effie,Haynes
Earl,Craig
Trevor,Cobb
Gabriel,Henderson
Elsie,Nichols
Christine,McGee
Mae,Cox
Georgie,Bailey
Augusta,Lyons
Sophie,Luna
Darrell,Fisher
Elmer,Parks
Rodney,Dixon
Rose,Casey
Rodney,Bryant
Elizabeth,Kelley
Dustin,Weaver
Leah,Morrison
Nathaniel,Henry
Seth,Murphy
Joe,McGuire
Cora,Ortega
Minnie,Davidson
Nora,Becker
Olivia,Crawford
Edward,Woods
Elva,Doyle
Susie,Cunningham
Mattie,Brock
